timestamp,sensor,value
2026-10-04T12:00:00,temperature,28.78
2026-10-04T12:00:00,hygro,66.62
2026-10-04T12:00:00,co2,887.33
2026-10-04T12:00:00,cov,1.04
2026-10-04T12:00:00,wind_speed,10.44
2026-10-04T12:00:00,uv,1.35
2026-10-04T12:00:05,temperature,18.63
2026-10-04T12:00:05,hygro,69.47
2026-10-04T12:00:05,co2,689.47
2026-10-04T12:00:05,cov,1.37
2026-10-04T12:00:05,wind_speed,6.31
2026-10-04T12:00:05,uv,3.95
2026-10-04T12:00:10,temperature,27.24
2026-10-04T12:00:10,hygro,48.72
2026-10-04T12:00:10,co2,1002.97
2026-10-04T12:00:10,cov,1.66
2026-10-04T12:00:10,wind_speed,2.71
2026-10-04T12:00:10,uv,10.75
2026-10-04T12:00:15,temperature,18.75
2026-10-04T12:00:15,hygro,51.59
2026-10-04T12:00:15,co2,800.38
2026-10-04T12:00:15,cov,1.68
2026-10-04T12:00:15,wind_speed,2.62
2026-10-04T12:00:15,uv,6.15
2026-10-04T12:00:20,temperature,22.42
2026-10-04T12:00:20,hygro,71.87
2026-10-04T12:00:20,co2,497.86
2026-10-04T12:00:20,cov,0.60
2026-10-04T12:00:20,wind_speed,12.30
2026-10-04T12:00:20,uv,3.54
2026-10-04T12:00:25,temperature,29.33
2026-10-04T12:00:25,hygro,37.06
2026-10-04T12:00:25,co2,710.73
2026-10-04T12:00:25,cov,0.30
2026-10-04T12:00:25,wind_speed,8.60
2026-10-04T12:00:25,uv,10.59
2026-10-04T12:00:30,temperature,21.90
2026-10-04T12:00:30,hygro,60.87
2026-10-04T12:00:30,co2,612.73
2026-10-04T12:00:30,cov,0.93
2026-10-04T12:00:30,wind_speed,8.57
2026-10-04T12:00:30,uv,2.73
2026-10-04T12:00:35,temperature,26.29
2026-10-04T12:00:35,hygro,55.04
2026-10-04T12:00:35,co2,1124.37
2026-10-04T12:00:35,cov,0.62
2026-10-04T12:00:35,wind_speed,14.32
2026-10-04T12:00:35,uv,2.00
2026-10-04T12:00:40,temperature,18.24
2026-10-04T12:00:40,hygro,61.41
2026-10-04T12:00:40,co2,987.01
2026-10-04T12:00:40,cov,1.01
2026-10-04T12:00:40,wind_speed,0.64
2026-10-04T12:00:40,uv,10.98
2026-10-04T12:00:45,temperature,19.70
2026-10-04T12:00:45,hygro,69.82
2026-10-04T12:00:45,co2,1113.23
2026-10-04T12:00:45,cov,0.52
2026-10-04T12:00:45,wind_speed,12.96
2026-10-04T12:00:45,uv,5.10
2026-10-04T12:00:50,temperature,28.79
2026-10-04T12:00:50,hygro,70.50
2026-10-04T12:00:50,co2,1019.44
2026-10-04T12:00:50,cov,0.65
2026-10-04T12:00:50,wind_speed,8.70
2026-10-04T12:00:50,uv,10.79
2026-10-04T12:00:55,temperature,21.85
2026-10-04T12:00:55,hygro,50.46
2026-10-04T12:00:55,co2,950.39
2026-10-04T12:00:55,cov,0.22
2026-10-04T12:00:55,wind_speed,3.80
2026-10-04T12:00:55,uv,1.85
2026-10-04T12:01:00,temperature,22.99
2026-10-04T12:01:00,hygro,52.00
2026-10-04T12:01:00,co2,885.65
2026-10-04T12:01:00,cov,1.04
2026-10-04T12:01:00,wind_speed,2.47
2026-10-04T12:01:00,uv,0.51
2026-10-04T12:01:05,temperature,24.30
2026-10-04T12:01:05,hygro,65.55
2026-10-04T12:01:05,co2,1141.52
2026-10-04T12:01:05,cov,1.70
2026-10-04T12:01:05,wind_speed,4.54
2026-10-04T12:01:05,uv,9.52
2026-10-04T12:01:10,temperature,23.61
2026-10-04T12:01:10,hygro,46.30
2026-10-04T12:01:10,co2,473.73
2026-10-04T12:01:10,cov,0.94
2026-10-04T12:01:10,wind_speed,8.17
2026-10-04T12:01:10,uv,3.07
2026-10-04T12:01:15,temperature,20.34
2026-10-04T12:01:15,hygro,72.64
2026-10-04T12:01:15,co2,454.22
2026-10-04T12:01:15,cov,1.88
2026-10-04T12:01:15,wind_speed,6.10
2026-10-04T12:01:15,uv,8.71
2026-10-04T12:01:20,temperature,19.33
2026-10-04T12:01:20,hygro,57.80
2026-10-04T12:01:20,co2,1009.36
2026-10-04T12:01:20,cov,0.93
2026-10-04T12:01:20,wind_speed,5.35
2026-10-04T12:01:20,uv,5.43
2026-10-04T12:01:25,temperature,20.33
2026-10-04T12:01:25,hygro,43.47
2026-10-04T12:01:25,co2,593.05
2026-10-04T12:01:25,cov,0.17
2026-10-04T12:01:25,wind_speed,13.65
2026-10-04T12:01:25,uv,0.81
2026-10-04T12:01:30,temperature,29.13
2026-10-04T12:01:30,hygro,35.44
2026-10-04T12:01:30,co2,924.97
2026-10-04T12:01:30,cov,1.14
2026-10-04T12:01:30,wind_speed,0.63
2026-10-04T12:01:30,uv,10.36
2026-10-04T12:01:35,temperature,26.77
2026-10-04T12:01:35,hygro,70.17
2026-10-04T12:01:35,co2,748.53
2026-10-04T12:01:35,cov,0.65
2026-10-04T12:01:35,wind_speed,2.79
2026-10-04T12:01:35,uv,1.24
